precision mic,recall mic,f1 mic,precision mac,recall mac,f1 mac,step
0.661275415896488,0.661275415896488,0.661275415896488,0.6566554446580205,0.6599602868907313,0.6569063409155089,2500
0.7199630314232902,0.7199630314232902,0.7199630314232902,0.7148325395145928,0.7024830786638555,0.705497555038449,5000
0.7022181146025878,0.7022181146025878,0.7022181146025878,0.6982577695513013,0.7026626561038403,0.6986706083707415,6000
0.732532347504621,0.732532347504621,0.732532347504621,0.7255840474671935,0.7239057840863057,0.7246560297563829,9500
0.7412199630314233,0.7412199630314233,0.7412199630314233,0.7444887306227563,0.7181000076015509,0.722503876757135,12000
0.737985212569316,0.737985212569316,0.737985212569316,0.7358113013892758,0.7192721849720528,0.7230707454680727,14175
