precision mic,recall mic,f1 mic,precision mac,recall mac,f1 mac
0.80710197710718,0.80710197710718,0.80710197710718,0.8078580675368664,0.80710197710718,0.8069834663637218
