precision mic,recall mic,f1 mic,precision mac,recall mac,f1 mac
0.4590909090909091,0.4590909090909091,0.4590909090909091,0.5783003340270492,0.507238100064187,0.5058480707699148
